Symbol,Name,Last Sale,Net Change,% Change,Market Cap,Country,IPO Year,Volume,Sector,Industry
AAMC,Altisource Asset Management Corp Com,$17.54,0.0173,0.099%,35927515.00,United States,,1103,Finance,Investment Managers
AAU,Almaden Minerals Ltd. Common Shares,$0.4713,-0.0107,-2.22%,64672450.00,Canada,2015,346351,Basic Industries,Precious Metals
ACU,Acme United Corporation. Common Stock,$42.29,-0.03,-0.071%,147318357.00,United States,1988,32915,Consumer Durables,Home Furnishings
ACY,AeroCentury Corp. Common Stock,$11.76,0.04,0.341%,18179596.00,United States,,785130,Technology,Diversified Commercial Services
ADRA,Adara Acquisition Corp. Class A Common Stock,$9.73,0.12,1.249%,139868750.00,United States,2021,7111,,
AE,Adams Resources & Energy Inc. Common Stock,$27.61,-0.265,-0.951%,117370524.00,United States,,4671,Energy,Oilfield Services/Equipment
AEF,Aberdeen Emerging Markets Equity Income Fund Inc. Common Stock,$8.96,0.00,0.00%,454735931.00,United States,,17668,Finance,Finance/Investors Services
AGE,AgeX Therapeutics Inc. Common Stock,$1.30,-0.11,-7.801%,49315614.00,,2018,133607,Health Care,Major Pharmaceuticals
AIM,AIM ImmunoTech Inc. Common Stock,$2.05,-0.01,-0.485%,81364525.00,United States,,290208,Health Care,Biotechnology: Biological Products (No Diagnostic Substances)
AINC,Ashford Inc. (Holding Company) Common Stock,$21.631,-0.319,-1.453%,65101588.00,United States,2014,3466,Consumer Services,Professional Services
AIRI,Air Industries Group Common Stock,$1.34,-0.06,-4.286%,42930313.00,United States,,217636,Capital Goods,Military/Government/Technical
AMBO,Ambow Education Holding Ltd. American Depository Shares each representing two Class A ordinary shares,$2.55,-0.13,-4.851%,59220359.00,China,,136342,Miscellaneous,Service to the Health Industry
AMPE,Ampio Pharmaceuticals Inc.,$1.58,-0.05,-3.067%,309188822.00,United States,,623298,Health Care,Major Pharmaceuticals
AMS,American Shared Hospital Services Common Stock,$2.98,-0.05,-1.65%,17286980.00,United States,,60066,Health Care,Medical Specialities
ANVS,Annovis Bio Inc. Common Stock,$120.97,3.71,3.164%,840411131.00,United States,2020,738857,Health Care,Major Pharmaceuticals
APT,Alpha Pro Tech Ltd. Common Stock,$7.57,0.49,6.921%,100925140.00,Canada,,2107254,,
ARMP,Armata Pharmaceuticals Inc. Common Stock,$3.881,-0.089,-2.242%,96793855.00,United States,,10839,Health Care,Biotechnology: Biological Products (No Diagnostic Substances)
ASM,Avino Silver & Gold Mines Ltd. Common Shares (Canada),$1.09,0.01,0.926%,109946168.00,Canada,,608547,,
ASXC,Asensus Surgical Inc. Common Stock,$2.46,-0.13,-5.019%,573723212.00,United States,,3977154,Health Care,Medical/Dental Instruments
ATNM,Actinium Pharmaceuticals Inc. (Delaware) Common Stock,$6.98,-0.26,-3.591%,140960186.00,United States,,189915,Health Care,Major Pharmaceuticals
AUMN,Golden Minerals Company Common Stock,$0.5923,-0.0006,-0.101%,96230751.00,United States,,423479,,
AWX,Avalon Holdings Corporation Common Stock,$4.61,0.09,1.991%,17976377.00,United States,,184773,Public Utilities,Environmental Services
AXU,Alexco Resource Corp Common Shares (Canada),$2.22,0.02,0.909%,334514537.00,Canada,,550319,Basic Industries,Precious Metals
BATL,Battalion Oil Corporation Common Stock,$12.185,-0.345,-2.753%,198220669.00,,,7773,Energy,Oil & Gas Production
BCV,Bancroft Fund Ltd.,$31.78,0.17,0.538%,175355239.00,United States,,7945,Finance,Finance/Investors Services
BCV^A,Bancroft Fund Limited 5.375% Series A Cumulative Preferred Shares,$25.85,0.175,0.682%,,United States,,8522,,
BDL,Flanigan's Enterprises Inc. Common Stock,$33.00,-0.01,-0.03%,61335351.00,United States,,4553,Consumer Services,Restaurants
BDR,Blonder Tongue Laboratories Inc. Common Stock,$1.40,-0.02,-1.408%,16744707.00,United States,,771628,Capital Goods,Industrial Machinery/Components
BGI,Birks Group Inc. Common Stock,$2.27,-0.18,-7.347%,41606701.00,Canada,,138775,Consumer Services,Consumer Specialties
BHB,Bar Harbor Bankshares Inc. Common Stock,$27.65,-0.26,-0.932%,414067045.00,United States,,48844,Finance,Major Banks
BKTI,BK Technologies Corporation Common Stock,$3.19,-0.01,-0.313%,53546450.00,United States,,40755,Technology,Radio And Television Broadcasting And Communications Equipment
BMTX,BM Technologies Inc. Common Stock,$11.90,-0.38,-3.094%,145184498.00,,2018,27047,Technology,EDP Services
BRBS,Blue Ridge Bankshares Inc. Common Stock,$18.03,-0.19,-1.043%,503615655.00,,,33523,Finance,Commercial Banks
BRG,Bluerock Residential Growth REIT Inc. Class A Common Stock,$10.62,-0.20,-1.848%,314663007.00,,2014,239571,Consumer Services,Real Estate Investment Trusts
BRG^C,Bluerock Residential Growth REIT Inc. 7.625% Series C Cumulative Redeemable Preferred Stock,$25.6199,-0.0301,-0.117%,,,,6091,,
BRG^D,Bluerock Residential Growth REIT Inc. 7.125% Series D Cumulative Preferred Stock ($0.01 par value per share),$25.65,0.00,0.00%,,,,6038,,
BRN,Barnwell Industries Inc. Common Stock,$2.57,0.09,3.629%,21272301.00,United States,,350677,Energy,Oil & Gas Production
BTG,B2Gold Corp Common shares (Canada),$4.00,0.05,1.266%,4207794916.00,Canada,,10750773,Basic Industries,Precious Metals
BTN,Ballantyne Strong Inc. Common Stock,$4.35,-0.21,-4.605%,79611716.00,United States,,69726,Miscellaneous,Industrial Machinery/Components
BTTR,Better Choice Company Inc. Common Stock,$4.65,0.15,3.333%,0.00,,2021,266046,,
BTX,Brooklyn ImmunoTherapeutics Inc. Common Stock,$11.97,-0.30,-2.445%,510935596.00,United States,,1710134,Consumer Services,Broadcasting
BWL/A,Bowl America Inc.,$9.00,-0.03,-0.332%,,United States,,2005,,
CANF,Can-Fite Biopharma Ltd Sponsored ADR (Israel),$2.23,-0.02,-0.889%,38337141.00,Israel,,68918,Health Care,Major Pharmaceuticals
CCF,Chase Corporation Common Stock,$111.18,2.21,2.028%,1050469888.00,United States,,37233,Basic Industries,Paints/Coatings
CDOR,Condor Hospitality Trust Inc. Common Stock,$6.13,-0.04,-0.648%,73725204.00,United States,,17810,Consumer Services,Real Estate Investment Trusts
CEI,Camber Energy Inc. Common Stock,$0.5486,-0.0459,-7.721%,32068580.00,United States,,17717461,Energy,Oil & Gas Production
CET,Central Securities Corporation Common Stock,$42.33,-0.30,-0.704%,1110756259.00,United States,,10934,Finance,Finance/Investors Services
CEV,Eaton Vance California Municipal Income Trust Shares of Beneficial Interest,$14.08,0.08,0.571%,100440736.00,United States,1999,15945,Finance,Finance/Investors Services
CHAQ,Chardan Healthcare Acquisition 2 Corp. Common Stock,$10.10,0.00,0.00%,108860881.00,,2020,11,,
CHFW,Consonance-HFW Acquisition Corp. Class A Ordinary Shares,$9.94,0.02,0.202%,118623960.00,,2021,1266,Finance,Business Services
CIK,Credit Suisse Asset Management Income Fund Inc. Common Stock,$3.49,-0.01,-0.286%,182544202.00,United States,,2030151,Finance,Finance/Investors Services
CIX,CompX International Inc. Common Stock,$21.13,-0.27,-1.262%,262036447.00,United States,1998,2800,Miscellaneous,Diversified Manufacture
CKX,CKX Lands Inc. Common Stock,$12.28,0.00,0.00%,23853839.00,United States,,21,Energy,Oil & Gas Production
CLM,Cornerstone Strategic Value Fund Inc. New Common Stock,$11.92,0.01,0.084%,925855425.00,United States,1987,1237819,Finance,Finance/Investors Services
CMCL,Caledonia Mining Corporation Plc Common Shares,$12.55,0.29,2.365%,152091229.00,Canada,,125811,Basic Industries,Precious Metals
CMT,Core Molding Technologies Inc Common Stock,$15.795,0.015,0.095%,134012314.00,United States,,7065,Consumer Durables,Electronic Components
COHN,Cohen & Company Inc.,$21.03,-0.67,-3.088%,27907588.00,United States,,756066,Finance,Investment Managers
CPHI,China Pharma Holdings Inc. Common Stock,$0.7267,0.0237,3.371%,31669264.00,China,,600761,Health Care,Major Pharmaceuticals
CQP,Cheniere Energy Partners LP Cheniere Energy Partners LP Common Units,$44.09,-0.93,-2.066%,21340491313.00,United States,2007,119622,Public Utilities,Oil/Gas Transmission
CRF,Cornerstone Total Return Fund Inc. (The) Common Stock,$11.55,-0.01,-0.087%,474053672.00,United States,,699235,Finance,Finance/Investors Services
CTEK,CynergisTek Inc. Common Stock,$2.30,0.12,5.505%,27877605.00,United States,2017,509432,Technology,Retail: Computer Software & Peripheral Equipment
CVM,Cel-Sci Corporation Common Stock,$8.16,-0.51,-5.882%,347037170.00,United States,,1757395,Health Care,Biotechnology: Biological Products (No Diagnostic Substances)
CVR,Chicago Rivet & Machine Co. Common Stock,$26.60,0.5276,2.024%,25699111.00,United States,,9672,Consumer Non-Durables,Industrial Specialties
CVU,CPI Aerostructures Inc. Common Stock,$3.24,-0.08,-2.41%,39626130.00,United States,,34012,Capital Goods,Military/Government/Technical
DHY,Credit Suisse High Yield Bond Fund Common Stock,$2.55,0.01,0.394%,263943875.00,United States,1998,592544,Finance,Finance/Investors Services
DIT,AMCON Distributing Company Common Stock,$146.8156,0.4656,0.318%,80949571.00,United States,,144,Consumer Non-Durables,Food Distributors
DLA,Delta Apparel Inc. Common Stock,$30.38,0.19,0.629%,211890171.00,United States,,14382,Consumer Non-Durables,Department/Specialty Retail Stores
DMF,BNY Mellon Municipal Income Inc. Common Stock,$9.29,-0.05,-0.535%,192786145.00,United States,1988,45585,Finance,Finance/Investors Services
DNN,Denison Mines Corp Ordinary Shares (Canada),$1.08,0.02,1.887%,869297865.00,Canada,,15172609,Basic Industries,Other Metals and Minerals
DPW,Ault Global Holdings Inc. Common Stock,$2.43,0.13,5.652%,120952127.00,United States,,26752916,Capital Goods,Industrial Machinery/Components
DSS,Document Security Systems Inc. Common Stock,$1.59,-0.04,-2.454%,105687499.00,United States,,1922905,Consumer Services,Recreational Products/Toys
DXF,Dunxin Financial Holdings Limited American Depositary Shares,$1.71,-0.08,-4.469%,35703410.00,China,,316647,Consumer Non-Durables,Apparel
DXR,Daxor Corporation Common Stock,$10.66,-0.28,-2.559%,43001129.00,United States,,38953,Health Care,Medical/Dental Instruments
EAD,Wells Fargo Income Opportunities Fund Common Shares,$8.81,0.01,0.114%,533764545.00,United States,2003,224957,Finance,Finance/Investors Services
ECF,Ellsworth Growth and Income Fund Ltd.,$15.37,0.23,1.519%,207486669.00,United States,1986,84695,Finance,Finance/Investors Services
ECF^A,Ellsworth Growth and Income Fund Ltd. 5.25% Series A Cumulative Preferred Shares (Liquidation Preference $25.00 per share),$26.15,-0.05,-0.191%,,United States,,483,,
EIM,Eaton Vance Municipal Bond Fund Common Shares of Beneficial Interest $.01 par value,$13.78,-0.01,-0.073%,991514876.00,United States,2002,88458,Finance,Finance/Investors Services
ELA,Envela Corporation Common Stock,$3.97,-0.16,-3.874%,106889793.00,United States,,43910,Consumer Services,Consumer Specialties
ELLO,Ellomay Capital Ltd Ordinary Shares (Israel),$30.30,0.20,0.664%,389034638.00,Israel,,1336,Public Utilities,Electric Utilities: Central
ELMD,Electromed Inc. Common Stock,$11.59,-0.22,-1.863%,100107698.00,United States,2011,36589,Health Care,Biotechnology: Electromedical & Electrotherapeutic Apparatus
EMAN,eMagin Corporation Common Stock,$2.96,-0.19,-6.032%,213921944.00,United States,,267786,Capital Goods,Industrial Machinery/Components
EMX,EMX Royalty Corporation Common Shares (Canada),$2.97,-0.08,-2.623%,254369060.00,Canada,,176255,Basic Industries,Precious Metals
ENSV,Enservco Corporation Common Stock,$1.50,-0.04,-2.597%,17149089.00,United States,,216742,Energy,Oilfield Services/Equipment
ENX,Eaton Vance New York Municipal Bond Fund Common Shares of Beneficial Interest $.01 par value,$12.88,-0.01,-0.078%,233363627.00,United States,2002,22108,Finance,Finance/Investors Services
EPM,Evolution Petroleum Corporation Inc. Common Stock,$4.93,0.00,0.00%,165191738.00,United States,,69958,Energy,Oil & Gas Production
EQX,Equinox Gold Corp. Common Shares,$6.75,0.04,0.596%,2017409510.00,Canada,,1396394,Basic Industries,Precious Metals
ERC,Wells Fargo Multi-Sector Income Fund Common Stock no par value,$12.85,0.03,0.234%,360668647.00,United States,2003,61149,Finance,Finance/Investors Services
ERH,Wells Fargo Utilities and High Income Fund,$14.14,-0.01,-0.071%,131238430.00,,2004,7508,Finance,Finance/Investors Services
ESP,Espey Mfg. & Electronics Corp. Common Stock,$15.12,0.12,0.80%,40863811.00,United States,,855,Capital Goods,Industrial Machinery/Components
EVBN,Evans Bancorp Inc. Common Stock,$36.97,-0.33,-0.885%,200880340.00,United States,,11545,Finance,Major Banks
EVI,EVI Industries Inc.  Common Stock,$29.77,-0.23,-0.767%,364925810.00,United States,,23167,Capital Goods,Industrial Machinery/Components
EVM,Eaton Vance California Municipal Bond Fund Common Shares of Beneficial Interest $.01 par value,$12.21,-0.02,-0.164%,305180879.00,United States,2002,26256,Finance,Finance/Investors Services
EVV,Eaton Vance Limited Duration Income Fund Common Shares of Beneficial Interest,$13.18,-0.03,-0.227%,1530817697.00,United States,2003,419743,Finance,Finance/Investors Services
EVY,Eaton Vance New York Municipal Income Trust Shares of Beneficial Interest,$15.10,-0.04,-0.264%,81567603.00,United States,1999,3720,Finance,Finance/Investors Services
EXN,Excellon Resources Inc. Common Shares,$2.25,0.00,0.00%,72860882.00,,2020,13537,Basic Industries,Precious Metals
FAX,Aberdeen Asia-Pacific Income Fund Inc Common Stock,$4.38,0.00,0.00%,1084907464.00,United States,1986,640784,Finance,Investment Managers
FCO,Aberdeen Global Income Fund Inc. Common Stock,$9.25,0.06,0.653%,80810886.00,United States,1992,21797,Finance,Investment Managers
FEN,First Trust Energy Income and Growth Fund,$14.94,0.07,0.471%,290516816.00,United States,2004,96065,Finance,Finance/Investors Services
FRD,Friedman Industries Inc. Common Stock,$12.91,0.25,1.975%,89154511.00,United States,,99955,Basic Industries,Steel/Iron Ore
FSI,Flexible Solutions International Inc. Common Stock (CDA),$4.27,-0.06,-1.386%,52588235.00,Canada,,87723,Capital Goods,Recreational Products/Toys
FSP,Franklin Street Properties Corp. Common Stock,$5.31,-0.07,-1.301%,569912737.00,United States,,319648,Consumer Services,Real Estate Investment Trusts
FTF,Franklin Limited Duration Income Trust Common Shares of Beneficial Interest,$9.23,0.04,0.435%,278181447.00,United States,2003,115774,Finance,Finance/Investors Services
FTSI,FTS International Inc. Class A Common Stock,$25.78,-0.46,-1.753%,360661427.00,United States,2020,70425,Energy,Oilfield Services/Equipment
FURY,Fury Gold Mines Limited Common Shares,$1.105,-0.035,-3.07%,130313460.00,,2020,192020,Basic Industries,Precious Metals
GAU,Galiano Gold Inc.,$1.04,-0.01,-0.952%,233660046.00,Canada,,533968,Basic Industries,Precious Metals
GBR,New Concept Energy Inc Common Stock,$4.96,-0.19,-3.689%,25454393.00,United States,,714457,Consumer Services,Real Estate
GDP,Goodrich Petroleum Corporation Common Stock,$16.93,0.18,1.075%,226900787.00,United States,2017,169496,Energy,Oil & Gas Production
GGN,GAMCO Global Gold Natural Resources & Income Trust,$4.00,-0.02,-0.498%,615920540.00,United States,2005,532698,Finance,Finance/Investors Services
GGN^B,GAMCO Global Gold Natural Reources & Income Trust 5.00% Series B Cumulative 25.00 Liquidation Preference,$25.54,0.10,0.393%,,United States,,1435,,
GGO,The Gabelli Go Anywhere Trust Common Shares of Beneficial Interest,$16.26,0.00,0.00%,25153440.00,,2016,33,Finance,Trusts Except Educational Religious and Charitable
GGO^A,The Gabelli Go Anywhere Trust Series A Cumulative Puttable and Callable Preferred Shares,$40.43,0.05,0.124%,,,,300,,
GLDG,GoldMining Inc. Common Shares,$1.37,0.01,0.735%,204830591.00,,,202638,Basic Industries,Precious Metals
GLO,Clough Global Opportunities Fund Common Stock,$12.44,0.12,0.974%,404407370.00,United States,2006,284574,Finance,Finance/Investors Services
GLQ,Clough Global Equity Fund Clough Global Equity Fund Common Shares of Beneficial Interest,$15.07,0.06,0.40%,204291557.00,United States,2005,177137,Finance,Finance/Investors Services
GLU,Gabelli Global Utility Common Shares of Beneficial Ownership,$21.61,0.05,0.232%,116123021.00,United States,2004,5952,Finance,Finance/Investors Services
GLU^B,The Gabelli Global Utility and Income Trust Series B Cumulative Puttable and Callable Preferred Shares,$51.7834,0.00,0.00%,,United States,,103,,
GLV,Clough Global Dividend and Income Fund Common Shares of beneficial interest,$11.31,0.06,0.533%,97703776.00,United States,2004,69839,Finance,Finance/Investors Services
GOED,1847 Goedeker Inc. Commom Stock,$3.39,0.01,0.296%,349570983.00,United States,2020,5065832,Consumer Services,Home Furnishings
GORO,Gold Resource Corporation Common Stock,$2.32,-0.01,-0.429%,172698956.00,United States,,539297,Basic Industries,Precious Metals
GPL,Great Panther Mining Limited Ordinary Shares (Canada),$0.586,-0.0014,-0.238%,208264270.00,Canada,,888922,Basic Industries,Precious Metals
GRF,Eagle Capital Growth Fund Inc. Common Stock,$9.186,0.0446,0.488%,37426713.00,United States,,998,Finance,Finance/Investors Services
GROY,Gold Royalty Corp. Common Shares,$5.08,-0.06,-1.167%,211436443.00,,2021,166944,,
GSAT,Globalstar Inc. Common Stock,$1.69,-0.10,-5.587%,3028480000.00,United States,2006,17515425,Consumer Services,Telecommunications Equipment
GSS,Golden Star Resources Ltd Common Stock,$2.61,0.06,2.353%,299347328.00,United States,,704702,Basic Industries,Precious Metals
GSV,Gold Standard Ventures Corporation Common Stock (Canada),$0.56,0.0264,4.948%,200186675.00,Canada,,905308,Basic Industries,Mining & Quarrying of Nonmetallic Minerals (No Fuels)
GTE,Gran Tierra Energy Inc. Common Stock,$0.716,0.0011,0.154%,262758794.00,Canada,,4440122,Energy,Oil & Gas Production
HLM^,Hillman Group Capital Trust Preferred Stock,$26.19,-0.345,-1.30%,,United States,,15512,,
HMG,HMG/Courtland Properties Inc. Common Stock,$16.42,0.07,0.428%,16539012.00,United States,,1319,Consumer Services,Real Estate Investment Trusts
HNW,Pioneer Diversified High Income Fund Inc.,$15.27,0.015,0.098%,127241703.00,United States,2007,84555,Finance,Finance/Investors Services
HUSA,Houston American Energy Corporation Common Stock,$1.95,-0.01,-0.51%,19350509.00,United States,,1519931,Energy,Oil & Gas Production
HWM^,Howmet Aerospace Inc. $3.75 Preferred Stock,$79.99,0.00,0.00%,,United States,,106,,
IAF,Aberdeen Australia Equity Fund Inc Common Stock,$6.52,0.00,0.00%,151942673.00,United States,,149221,Finance,Finance/Investors Services
IBIO,iBio Inc. Common Stock,$1.35,0.00,0.00%,294097964.00,United States,,2422544,Health Care,Major Pharmaceuticals
ID,PARTS iD Inc. Class A Common Stock,$6.96,0.10,1.458%,230887254.00,United States,2017,56677,Miscellaneous,Diversified Commercial Services
IGC,India Globalization Capital Inc. Common Stock,$1.48,-0.03,-1.987%,71524364.00,United States,,700052,Technology,Engineering & Construction
IHT,InnSuites Hospitality Trust Shares of Beneficial Interest,$5.95,-0.34,-5.405%,52693521.00,United States,,163860,Consumer Services,Real Estate Investment Trusts
IMH,Impac Mortgage Holdings Inc. Common Stock ,$1.96,-0.07,-3.448%,41812061.00,United States,1997,169264,Finance,Finance: Consumer Services
IMO,Imperial Oil Limited Common Stock,$28.65,-0.12,-0.417%,21031299031.00,Canada,,340924,Energy,Integrated oil Companies
INDO,Indonesia Energy Corporation Limited Ordinary Shares,$5.71,0.08,1.421%,42413623.00,,2019,2498,Energy,Oil & Gas Production
INFU,InfuSystems Holdings Inc. Common Stock,$18.92,-0.12,-0.63%,387269639.00,United States,,69494,Health Care,Medical/Dental Instruments
INTT,inTest Corporation Common Stock,$15.55,-0.73,-4.484%,167117887.00,United States,1997,142752,Technology,Semiconductors
INUV,Inuvo Inc.,$0.8626,-0.0514,-5.624%,102232078.00,United States,,2423375,Technology,Advertising
IOR,Income Opportunity Realty Investors Inc. Common Stock,$12.14,-0.21,-1.70%,50604546.00,United States,,129,Finance,Diversified Financial Services
ISDR,Issuer Direct Corporation Common Stock,$28.58,0.81,2.917%,107631566.00,United States,,20947,Technology,EDP Services
ISR,IsoRay Inc. Common Stock (DE),$0.742,-0.0327,-4.221%,104967227.00,United States,,971005,Health Care,Medical/Dental Instruments
ITP,IT Tech Packaging Inc. Common Stock,$0.4196,-0.0169,-3.872%,41561338.00,China,,1605176,Basic Industries,Paper
ITRG,Integra Resources Corp. Common Shares,$2.88,0.06,2.128%,157861503.00,,,28092,,
JOB,GEE Group Inc. Common Stock,$0.5678,-0.0838,-12.861%,64445558.00,United States,,17532288,Technology,Diversified Commercial Services
KIQ,Kelso Technologies Inc Ordinary Shares,$0.6403,-0.0188,-2.852%,34749136.00,Canada,,761934,,
KLR,Kaleyra Inc. Common Stock,$12.46,0.05,0.403%,390089407.00,United States,2018,187213,Technology,Internet and Information Services
KULR,KULR Technology Group Inc. Common Stock,$2.27,-0.03,-1.304%,213941144.00,United States,,384693,,
LCTX,Lineage Cell Therapeutics Inc. Common Stock,$2.72,-0.04,-1.449%,407949264.00,United States,,769674,Health Care,Biotechnology: Biological Products (No Diagnostic Substances)
LEU,Centrus Energy Corp. Class A Common Stock,$24.84,-0.49,-1.934%,344089517.00,United States,2014,60578,,
LGL,LGL Group Inc. (The) Common Stock,$10.5156,0.3156,3.094%,55440388.00,United States,,9405,Capital Goods,Industrial Machinery/Components
LNG,Cheniere Energy Inc. Common Stock,$83.88,-2.82,-3.253%,21266711324.00,United States,,1359830,Public Utilities,Oil/Gas Transmission
LODE,Comstock Mining Inc. Common Stock,$3.02,-0.15,-4.732%,128215655.00,United States,,777755,Finance,Real Estate
LOV,Spark Networks Inc. American Depositary Shares (each representing one-tenth of an Ordinary Share),$4.68,-0.10,-2.092%,121946245.00,United States,2017,26239,Miscellaneous,Other Consumer Services
LSF,Laird Superfood Inc. Common Stock,$28.72,-0.73,-2.479%,258218763.00,,2020,41373,Consumer Non-Durables,Specialty Foods
LXFR,Luxfer Holdings PLC Ordinary Shares,$22.15,-0.25,-1.116%,634590080.00,United Kingdom,2012,57301,Capital Goods,Metal Fabrications
MAG,MAG Silver Corporation Ordinary Shares,$20.62,0.06,0.292%,1955599645.00,Canada,,312724,Basic Industries,Precious Metals
MCF,Contango Oil & Gas Company Common Stock (TX),$4.32,-0.01,-0.231%,868628478.00,United States,,633716,Energy,Oil & Gas Production
MHH,Mastech Digital Inc Common Stock,$15.74,0.79,5.284%,179924758.00,United States,,84856,Consumer Services,Professional Services
MITQ,Moving iMage Technologies Inc. Common Stock,$7.20,-3.64,-33.579%,0.00,United States,2021,2471863,,
MLSS,Milestone Scientific Inc. Common Stock,$1.99,-0.13,-6.132%,132842838.00,United States,2015,261806,Health Care,Industrial Specialties
MMX,Maverix Metals Inc. Common Shares,$5.31,-0.02,-0.375%,749861123.00,,,94524,Basic Industries,Precious Metals
MSN,Emerson Radio Corporation Common Stock,$1.42,-0.08,-5.333%,29880566.00,United States,,656065,Consumer Non-Durables,Consumer Electronics/Appliances
MTA,Metalla Royalty & Streaming Ltd. Common Shares,$8.57,-0.21,-2.392%,366911866.00,,,89500,Basic Industries,Precious Metals
MTNB,Matinas Biopharma Holdings Inc. Common Stock,$0.762,-0.0162,-2.082%,155664387.00,United States,2017,639692,Health Care,Major Pharmaceuticals
MXC,Mexco Energy Corporation Common Stock,$9.83,-0.41,-4.004%,20413627.00,United States,,76186,Energy,Oil & Gas Production
MYO,Myomo Inc. Common Stock,$9.15,-0.54,-5.573%,51276810.00,United States,2017,17827,Health Care,Industrial Specialties
NAK,Northern Dynasty Minerals Ltd. Common Stock,$0.4355,-0.0167,-3.693%,223368036.00,Canada,,4897335,Basic Industries,Precious Metals
NAVB,Navidea Biopharmaceuticals Inc. Common Stock,$1.775,-0.055,-3.005%,51520106.00,United States,,56277,Health Care,Biotechnology: In Vitro & In Vivo Diagnostic Substances
NBA,New Beginnings Acquisition Corp. Common Stock,$9.99,-0.01,-0.10%,149050800.00,,2020,26623,,
NBH,Neuberger Berman Municipal Fund Inc. Common Stock,$16.13,-0.07,-0.432%,303535888.00,United States,2002,38507,Finance,Finance/Investors Services
NBO,Neuberger Berman New York Municipal Fund Inc. Common Stock,$13.38,-0.1316,-0.974%,67935839.00,United States,2002,4713,Finance,Finance/Investors Services
NBW,Neuberger Berman California Municipal Fund Inc Common Stock,$14.8298,-0.0202,-0.136%,82320872.00,United States,2002,4044,Finance,Finance/Investors Services
NBY,NovaBay Pharmaceuticals Inc. Common Stock,$0.607,-0.0081,-1.317%,25459148.00,United States,2007,1005768,Health Care,Major Pharmaceuticals
NEN,New England Realty Associates Limited Partnership Class A Depositary Receipts Evidencing Units of Limited Partnership,$61.25,0.00,0.00%,223727630.00,United States,,83,Consumer Services,Building operators
NES,Nuverra Environmental Solutions Inc. Common Stock,$2.1033,0.0133,0.636%,33652968.00,United States,2017,2244,Public Utilities,Water Supply
NEWP,New Pacific Metals Corp. Common Shares,$4.19,-0.15,-3.456%,644574709.00,,2021,115482,Capital Goods,Medical Specialities
NG,Novagold Resources Inc.,$8.22,0.01,0.122%,2723542332.00,Canada,,918041,Basic Industries,Precious Metals
NGD,New Gold Inc.,$1.72,0.02,1.176%,1170804000.00,Canada,,3311764,Basic Industries,Precious Metals
NHC,National HealthCare Corporation Common Stock,$71.41,-0.68,-0.943%,1099224127.00,United States,,24251,Health Care,Hospital/Nursing Management
NHS,Neuberger Berman High Yield Strategies Fund,$13.29,0.11,0.835%,259694375.00,United States,,38349,Finance,Trusts Except Educational Religious and Charitable
NML,Neuberger Berman MLP and Energy Income Fund Inc. Common Stock,$4.86,-0.07,-1.42%,275362390.00,,2013,90774,Finance,Finance/Investors Services
NNVC,NanoViricides Inc. Common Stock,$4.00,0.01,0.251%,46020000.00,United States,,30340,Health Care,Major Pharmaceuticals
NOG,Northern Oil and Gas Inc. Common Stock,$19.06,-0.44,-2.256%,1260873950.00,United States,,608904,Energy,Oil & Gas Production
NRO,Neuberger Berman Real Estate Securities Income Fund Inc. Neuberger Berman Real Estate Securities Income Fund Inc.,$5.10,-0.10,-1.923%,241844045.00,United States,2003,252016,Finance,Finance/Investors Services
NTIP,Network-1 Technologies Inc. Common Stock,$3.33,0.04,1.216%,80310040.00,United States,,4051,Capital Goods,Telecommunications Equipment
NXE,Nexgen Energy Ltd. Common Shares,$3.96,-0.10,-2.463%,1863908319.00,,,1714751,Basic Industries,Precious Metals
OGEN,Oragenics Inc. Common Stock,$0.6277,-0.0048,-0.759%,72586140.00,United States,,1179737,Health Care,Major Pharmaceuticals
OPTT,Ocean Power Technologies Inc. Common Stock,$2.13,-0.08,-3.62%,108599669.00,United States,2007,1567701,Capital Goods,Industrial Machinery/Components
ORLA,Orla Mining Ltd. Common Shares,$3.775,-0.025,-0.658%,897268519.00,,2020,87273,Basic Industries,Precious Metals
PCG^A,Pacific Gas & Electric Co. 6% Preferred Stock,$28.90,-0.34,-1.163%,,United States,,3245,,
PCG^B,Pacific Gas & Electric Co. 5 1/2% Preferred Stock,$26.50,-0.10,-0.376%,,United States,,107,,
PCG^C,Pacific Gas & Electric Co. 5% 1st Preferred Stock,$27.14,0.00,0.00%,,United States,,25,,
PCG^D,Pacific Gas & Electric Co. 5% 1st  Red. Preferred Stock,$25.90,0.00,0.00%,,United States,,142,,
PCG^E,Pacific Gas & Electric Co. 5% 1st A Preferred Stock,$25.00,0.00,0.00%,,United States,,10,,
PCG^G,Pacific Gas & Electric Co. 4.80% 1st Preferred Stock,$24.2499,0.00,0.00%,,United States,,200,,
PCG^H,Pacific Gas & Electric Co. 4.50% 1st Preferred Stock,$23.19,-0.45,-1.904%,,United States,,100,,
PCG^I,Pacific Gas & Electric Co. 4.36% 1st Preferred Stock,$24.30,0.06,0.248%,,United States,,937,,
PED,Pedevco Corp. Common Stock,$1.35,-0.09,-6.25%,107273164.00,United States,,337277,,
PHGE,BiomX Inc. COmmon Stock,$5.73,0.1448,2.593%,139392100.00,,2019,31936,Health Care,Biotechnology: Biological Products (No Diagnostic Substances)
PLAG,Planet Green Holdings Corp. Common Stock,$1.55,-0.01,-0.641%,37215392.00,China,,29326,,
PLG,Platinum Group Metals Ltd. Ordinary Shares (Canada),$3.10,-0.03,-0.958%,229512880.00,Canada,,395410,Basic Industries,Precious Metals
PLM,Polymet Mining Corporation Ordinary Shares (Canada),$3.83,-0.11,-2.792%,386360136.00,Canada,,64603,Basic Industries,Precious Metals
PLX,Protalix BioTherapeutics Inc. (DE) Common Stock,$1.68,-0.03,-1.754%,76243156.00,Israel,,714855,Health Care,Biotechnology: Biological Products (No Diagnostic Substances)
PLYM^A,Plymouth Industrial REIT Inc. 7.50% Series A Cumulative Redeemable Preferred Stock,$26.52,-0.28,-1.045%,,United States,,775,,
PRK,Park National Corporation Common Stock,$114.54,-1.36,-1.173%,1871657364.00,United States,,44577,Finance,Major Banks
PTK,PTK Acquisition Corp. Common Stock,$9.9199,0.0099,0.10%,126913822.00,United States,2020,654,,
PTN,Palatin Technologies Inc. Common Stock,$0.5611,-0.0096,-1.682%,129080882.00,United States,,993574,Health Care,Major Pharmaceuticals
PW,Power REIT (MD) Common Stock,$42.00,0.59,1.425%,139542186.00,United States,,9347,Consumer Services,Real Estate Investment Trusts
PW^A,Power REIT 7.75% Series A Cumulative Perpetual Preferred Stock,$26.11,0.00,0.00%,,United States,,55,,
PZG,Paramount Gold Nevada Corp. Common Stock,$0.9698,0.0098,1.021%,36557988.00,United States,2015,95903,Basic Industries,Precious Metals
RCG,RENN Fund Inc Common Stock,$2.12,-0.06,-2.752%,12618147.00,United States,,55494,Finance,Investment Managers
REI,Ring Energy Inc. Common Stock,$2.80,-0.07,-2.439%,277972624.00,United States,,1243923,Energy,Oil & Gas Production
REPX,Riley Exploration Permian Inc. Common Stock,$22.32,-2.74,-10.934%,402240349.00,United States,,166161,Energy,Oil & Gas Production
RHE,Regional Health Properties Inc. Common Stock,$11.68,-0.42,-3.471%,19718398.00,,2017,712608,Consumer Services,Real Estate Investment Trusts
RHE^A,Regional Health Properties Inc. 10.875% Series A Cumulative Redeemable Preferred Stock,$5.9999,0.2399,4.165%,,,,3780,,
RLGT,Radiant Logistics Inc. Common Stock,$6.92,0.29,4.374%,346826760.00,United States,,212332,Transportation,Oil Refining/Marketing
RMED,Ra Medical Systems Inc. Common Stock,$3.83,-0.19,-4.726%,21301085.00,,2018,1673977,Health Care,Medical/Dental Instruments
RVP,Retractable Technologies Inc. Common Stock,$11.02,-0.28,-2.478%,374725226.00,United States,,174735,Health Care,Medical/Dental Instruments
SACC,Sachem Capital Corp. 6.875% Notes due 2024,$25.4999,0.0199,0.078%,0.00,United States,2019,1137,Consumer Services,Real Estate Investment Trusts
SACH,Sachem Capital Corp. Common Shares,$5.14,-0.07,-1.344%,136932334.00,United States,2017,152534,Consumer Services,Real Estate Investment Trusts
SACH^A,Sachem Capital Corp. 7.75% Series A Cumulative Redeemable Preferred Stock,$25.35,-0.05,-0.197%,,United States,,20443,,
SBEV,Splash Beverage Group Inc. Common Stock,$3.69,0.17,4.83%,112499347.00,,2021,303741,Health Care,Medical/Nursing Services
SCCB,Sachem Capital Corp. 7.125% Notes due 2024,$25.49,-0.14,-0.546%,0.00,United States,2019,135,Consumer Services,Real Estate Investment Trusts
SCCC,Sachem Capital Corp. 7.75% Notes due 2025,$25.95,-0.0169,-0.065%,0.00,United States,2020,2681,Consumer Services,Real Estate Investment Trusts
SDPI,Superior Drilling Products Inc. Common Stock,$0.8595,0.0147,1.74%,22144336.00,,2014,182518,Energy,Metal Fabrications
SEB,Seaboard Corporation Common Stock,$3779.00,-88.20,-2.281%,4386583841.00,United States,1996,798,,
SENS,Senseonics Holdings Inc. Common Stock,$3.01,-0.16,-5.047%,1288497310.00,United States,,11973964,Health Care,Medical Specialities
SIF,SIFCO Industries Inc. Common Stock,$10.66,-0.0652,-0.608%,63844115.00,United States,,2933,Capital Goods,Office Equipment/Supplies/Services
SILV,SilverCrest Metals Inc. Common Shares,$8.13,-0.02,-0.245%,1174443247.00,,2018,399618,Capital Goods,Industrial Machinery/Components
SIM,Grupo Simec S.A.B. de C.V. American Depositary Shares,$23.89,1.17,5.15%,3685267195.00,Mexico,1993,11435,Basic Industries,Steel/Iron Ore
SLI,Standard Lithium Ltd.,$5.65,5.65,,,,,5891947,,
SMTS,Sierra Metals Inc. Common Stock,$2.97,-0.05,-1.656%,485381606.00,,,132295,Basic Industries,Precious Metals
SNMP,Evolve Transition Infrastructure LP Common Stock,$1.12,0.00,0.00%,62927623.00,United States,,2748823,Energy,Oil & Gas Production
SSY,SunLink Health Systems Inc. Common Stock,$2.50,-0.15,-5.66%,17300133.00,United States,,284080,Health Care,Medical/Nursing Services
STXS,Stereotaxis Inc. Common Stock,$9.60,-0.27,-2.736%,711494102.00,United States,,258493,Health Care,Biotechnology: Electromedical & Electrotherapeutic Apparatus
SVM,Silvercorp Metals Inc. Common Shares,$5.22,-0.01,-0.191%,918105136.00,,,611101,Basic Industries,Precious Metals
SVT,Servotronics Inc. Common Stock,$8.675,0.085,0.99%,21501048.00,United States,,178,Consumer Durables,Metal Fabrications
SYN,Synthetic Biologics Inc. Common Stock,$0.5497,0.0178,3.346%,72583783.00,United States,,1988531,Health Care,Major Pharmaceuticals
TGB,Taseko Mines Ltd. Common Stock,$1.91,-0.09,-4.50%,540891036.00,Canada,,1551955,Basic Industries,Precious Metals
THM,International Tower Hill Mines Ltd. Ordinary Shares (Canada),$1.04,-0.01,-0.952%,202704511.00,Canada,,92478,Basic Industries,Precious Metals
TKAT,Takung Art Co. Ltd. Common Stock,$8.03,-1.52,-15.916%,93648903.00,,,3127305,Consumer Services,Catalog/Specialty Distribution
TMBR,Timber Pharmaceuticals Inc. Common Stock,$1.14,0.02,1.786%,42001071.00,United States,2015,785532,Consumer Durables,Specialty Chemicals
TMP,Tompkins Financial Corporation Common Stock,$76.01,-1.79,-2.301%,1132931862.00,United States,,28499,Finance,Major Banks
TMQ,Trilogy Metals Inc. Common Stock,$2.36,-0.07,-2.881%,340530947.00,Canada,,272738,Basic Industries,Precious Metals
TPHS,Trinity Place Holdings Inc. Common Stock,$2.21,-0.01,-0.45%,71726805.00,,,18180,Consumer Services,Real Estate
TRT,Trio-Tech International Common Stock,$4.95,-0.09,-1.786%,19369622.00,United States,,204913,Technology,Industrial Machinery/Components
TRX,Tanzanian Gold Corporation Common Stock,$0.48,0.00,0.00%,122337867.00,Canada,,351885,Basic Industries,Precious Metals
UAMY,United States Antimony Corporation Common Stock,$0.9405,-0.0322,-3.31%,99931023.00,United States,,3799389,Capital Goods,Metal Fabrications
UAVS,AgEagle Aerial Systems Inc. Common Stock,$4.15,-0.23,-5.251%,286167923.00,United States,,2107732,,
UEC,Uranium Energy Corp. Common Stock,$2.15,-0.06,-2.715%,501484056.00,Canada,,3891868,Basic Industries,Other Metals and Minerals
UFAB,Unique Fabricating Inc. Common Stock,$3.40,-0.06,-1.734%,33249100.00,United States,2015,19411,Capital Goods,Auto Parts:O.E.M.
URG,Ur Energy Inc Common Shares (Canada),$1.22,-0.03,-2.40%,231054702.00,Canada,,1441698,Basic Industries,Other Metals and Minerals
USAS,Americas Gold and Silver Corporation Common Shares no par value,$1.59,-0.03,-1.852%,211615407.00,,2017,395586,Basic Industries,Precious Metals
UTG,Reaves Utility Income Fund Common Shares of Beneficial Interest,$34.91,-0.08,-0.229%,2075943049.00,United States,2004,240183,Finance,Investment Managers
UUU,Universal Security Instruments Inc. Common Stock,$6.41,-0.48,-6.967%,14825606.00,United States,,83386,Miscellaneous,Diversified Manufacture
UUUU,Energy Fuels Inc Ordinary Shares (Canada),$5.04,-0.20,-3.817%,739917657.00,,,2679042,Basic Industries,Mining & Quarrying of Nonmetallic Minerals (No Fuels)
VCF,Delaware Investments Colorado Municipal Income Fund Inc  Common Stock,$14.96,-0.01,-0.067%,72363016.00,United States,1993,1508,Finance,Finance/Investors Services
VFL,Delaware Investments National Municipal Income Fund Common Stock,$14.31,0.01,0.07%,64802019.00,United States,1993,2753,Finance,Finance/Investors Services
VGZ,Vista Gold Corp Common Stock,$0.8792,-0.0105,-1.18%,91567733.00,United States,,3182275,Basic Industries,Precious Metals
VHAQ,Viveon Health Acquisition Corp. Common Stock,$9.91,-0.02,-0.201%,249298438.00,,2021,900,,
VKI,Invesco Advantage Municipal Income Trust II Common Shares of Beneficial Interest (DE),$12.34,-0.12,-0.963%,547791739.00,United States,,41532,Finance,Finance Companies
VMM,Delaware Investments Minnesota Municipal Income Fund II Inc. Common Stock,$14.26,0.08,0.564%,164060944.00,United States,1993,7794,Finance,Finance/Investors Services
VNRX,VolitionRX Limited Common Stock,$3.15,-0.01,-0.316%,166612046.00,Singapore,2015,101703,Health Care,Biotechnology: Biological Products (No Diagnostic Substances)
VOLT,Volt Information Sciences Inc. Common Stock,$4.79,-0.15,-3.036%,104118194.00,United States,,144975,Consumer Services,Movies/Entertainment
WLMS,Williams Industrial Services Group Inc. Common Stock,$5.75,0.10,1.77%,148902006.00,,2021,32089,Capital Goods,Oilfield Services/Equipment
WRN,Western Copper and Gold Corporation Common Stock,$1.90,-0.09,-4.523%,280451638.00,Canada,2011,574722,Basic Industries,Precious Metals
WTT,Wireless Telecom Group  Inc. Common Stock,$2.95,-0.53,-15.23%,63897938.00,United States,,235921,Capital Goods,Telecommunications Equipment
WWR,Westwater Resources Inc. Common Stock,$4.40,-0.03,-0.677%,142279786.00,United States,,435567,Basic Industries,Other Metals and Minerals
WYY,WidePoint Corporation Common Stock,$6.73,-0.12,-1.752%,61050199.00,United States,,29272,Technology,EDP Services
XPL,Solitario Zinc Corp. Common Stock,$0.6138,-0.0068,-1.096%,35863791.00,United States,,481791,,
XTNT,Xtant Medical Holdings Inc. Common Stock,$1.65,-0.35,-17.50%,143067022.00,United States,,1224678,Health Care,Medical Specialities
XXII,22nd Century Group Inc. Common Stock,$3.64,-0.12,-3.191%,591742460.00,United States,,1070855,Consumer Non-Durables,Farming/Seeds/Milling
YCBD,cbdMD Inc. Common Stock,$2.71,-0.08,-2.867%,154382101.00,United States,2017,173976,Consumer Non-Durables,Package Goods/Cosmetics
YCBD^A,cbdMD Inc. 8.0% Series A Cumulative Convertible Preferred Stock,$7.21,-0.19,-2.568%,,United States,,37473,,
ZDGE,Zedge Inc. Class B Common Stock ,$18.38,-0.05,-0.271%,260748624.00,,2016,470608,Technology,Computer Software: Prepackaged Software
ZOM,Zomedica Corp. Common Shares,$0.6833,-0.0347,-4.833%,668140193.00,United States,2017,27638839,,
